title,artist,album,url,description,release_year,fetch_date
Ñucallajta,Proyección,Ámame (Folklore Andino),https://www.youtube.com/watch?v=SeMeKsRY7WU,,,2026-04-18 23:06:41
Ecuador San Juanito,Ecuador Manta,Alegrando El Alma,https://www.youtube.com/watch?v=IXVUwOqt5XE,,,2026-04-18 23:06:41
Naupa Llacta,Ecuador Causary,Music From The Andes,https://www.youtube.com/watch?v=Y75gLE0ihyA,,,2026-04-18 23:06:41
Ñuca Llacta,Ñanda Mañachi,Folklore Ecuatorianisimo,https://www.youtube.com/watch?v=xRei8rigCOA,,,2026-04-18 23:06:41
Selección de San Juanitos,Proyección,Toda... Una Vida (La Nueva Expresion del Folklore de Bolivia),https://www.youtube.com/watch?v=9nuMFtP71jY,,,2026-04-18 23:06:41
Tabacundeña (Sanjuanito),Fusión Inka,Sueños,https://www.youtube.com/watch?v=1hLCpigJ024,,,2026-04-18 23:06:41
Yana Cuchi,Ecuador Causary,Music From The Andes,https://www.youtube.com/watch?v=C28-TX26Zvk,,,2026-04-18 23:06:41
Rosalia,Kamari Ec,Amores Vienen,https://www.youtube.com/watch?v=8KOpAa_hnG8,,,2026-04-18 23:06:41
Carmelita,Ecuador Causary,Music From The Andes,https://www.youtube.com/watch?v=6493VpdphCE,,,2026-04-18 23:06:41
Mashicuna,Ecuador Causary,Music From The Andes,https://www.youtube.com/watch?v=gQy3yD6N86s,,,2026-04-18 23:06:41
Cuatro Esquinas,Ecuador Manta,Sounds of the Andes,https://www.youtube.com/watch?v=DPS-SIGWyh8,,,2026-04-18 23:06:41
San Juanito Irlandes,Ecuador Manta,Ritmos Raices,https://www.youtube.com/watch?v=sDF0JJf3cpU,,,2026-04-18 23:06:41
Carabuela (Sanjuanito),Los Folkloristas,Ecuador,https://www.youtube.com/watch?v=Iy26_2jwoXY,,,2026-04-18 23:06:41
Taita Wagrita,Runallacta,Cariñito,https://www.youtube.com/watch?v=es0TjZu8wmg,,,2026-04-18 23:06:41
Ñuca Llacta,Ñanda Mañachi,Traditional Music Of The Andes,https://www.youtube.com/watch?v=4aP5F1xawMw,,,2026-04-18 23:06:41
San Juanito,Wayra,South-American Folklore,https://www.youtube.com/watch?v=mB7xIVmQFXM,,,2026-04-18 23:06:41
Ecuador San Juanito,Los Incateños,"Las Mejores Clásicas Andinas para el Mundo, Vol. 90",https://www.youtube.com/watch?v=iVSzp456ee0,,,2026-04-18 23:06:41
Vasija de Barro,Ecuador Manta,Sounds of the Andes,https://www.youtube.com/watch?v=6WcEg4V75KE,,,2026-04-18 23:06:41
"Ballet Auca Sisa - Coreografía San Juanito ""Asi Asigu"" (KuruÑan)",Ballet Auca Sisa,N/A,https://www.youtube.com/watch?v=Mfq8n5_CKQA,,,2026-04-18 23:06:41
Mi Chosita,Los Duros de San Pedro de Tabacundo,El Gusto De Los Duros,https://www.youtube.com/watch?v=GbxXUH6Ygfc,,,2026-04-18 23:06:41
EL TRANSPORTE / JUAN SANITO - Hermosas danzas folklóricas ecuatorianas EN VIVO,Media Folk,N/A,https://www.youtube.com/watch?v=El1Thf7GGpg,,,2026-04-18 23:06:41
JAWAY JAWAY - Coreografía en vivo 🇪🇨,Media Folk,N/A,https://www.youtube.com/watch?v=-TIOrY-0bTI,,,2026-04-18 23:06:41
Ángel Guaraca - Resistencia Indígena (Coreografía completa),Media Folk,N/A,https://www.youtube.com/watch?v=RRcFlrYQP1M,,,2026-04-18 23:06:41
Fiesta,Jayac,16 Éxitos al Amor,https://www.youtube.com/watch?v=GXvbMpZWhYc,,,2026-04-18 23:06:41
San Juanito de Otro Tiempo (Sanjuanito),Los Folkloristas,Ecuador,https://www.youtube.com/watch?v=2M4tBVtyjrs,,,2026-04-18 23:06:41
Cariñito,Runallacta,Cariñito,https://www.youtube.com/watch?v=YKX2dOTrK40,,,2026-04-18 23:06:41
Simiruco (Albazo de Ecuador),Hermanas Mendoza Suasti,18 Exitos de Ecuador,https://www.youtube.com/watch?v=FCWt3DBrBNI,,,2026-04-18 23:06:41
Sin Palabras,Ecuador Manta,Ritmos Raices,https://www.youtube.com/watch?v=wMX5UhHdigA,,,2026-04-18 23:06:41
Sanjuanito Compañero,Hermanas Mendoza Suasti,Grandes Éxitos,https://www.youtube.com/watch?v=04U4AkuNAKo,,,2026-04-18 23:06:41
"Adelante (Original 12"")",Sash!,Adelante,https://www.youtube.com/watch?v=aX_Ip26Y4nQ,,,2026-04-18 23:06:41
The Final Countdown,Europe,The Final Countdown (Expanded Edition),https://www.youtube.com/watch?v=NNiTxUEnmKI,,,2026-04-18 23:06:41
Bailando (Video Edit),Paradisio,Bailando (Video Edit),https://www.youtube.com/watch?v=G223WQ6vSII,,,2026-04-18 23:06:41
Brown Sugar (Remastered 2009),The Rolling Stones,Sticky Fingers,https://www.youtube.com/watch?v=Bar7SzNLnY0,,,2026-04-18 23:06:41
Look At Her Now,Selena Gomez,Rare,https://www.youtube.com/watch?v=ACQStGgSAs0,,,2026-04-18 23:06:41
Coloratura,Coldplay,Music Of The Spheres,https://www.youtube.com/watch?v=bQKfPbfokqc,,,2026-04-18 23:06:41
Amapolas,Leo Rizzi,Amapolas,https://www.youtube.com/watch?v=NorfZaIkyL8,,,2026-04-18 23:06:41
Rhythm Is a Dancer,SNAP!,The Madman's Return,https://www.youtube.com/watch?v=yYfzC8cY4j8,,,2026-04-18 23:06:41
Telephone (feat. Beyoncé),Lady Gaga,The Fame Monster (International Deluxe),https://www.youtube.com/watch?v=Q6ygh2dkjZw,,,2026-04-18 23:06:41
Quechua,"Quintino, Thomas Gold",Quechua,https://www.youtube.com/watch?v=14Do-aTJb_U,,,2026-04-18 23:06:41
Made You Look,Meghan Trainor,Takin' It Back,https://www.youtube.com/watch?v=79vxRvYqeT4,,,2026-04-18 23:06:41
Goumi,Myriam Fares,Goumi,https://www.youtube.com/watch?v=5HZHCY4LfG0,,,2026-04-18 23:06:41
Baianá,Bakermat,The Ringmaster,https://www.youtube.com/watch?v=O06-PTQYyVk,,,2026-04-18 23:06:41
SANJUANITO,Music festival Andina,MIX MUSICA ANDINA,https://www.youtube.com/watch?v=fr3tJRPxuO4,,,2026-04-18 23:06:41
Cuitas de Amor Sanjuanito,Los Incateños,"Las Mejores Clásicas Andinas para el Mundo, Vol. 97",https://www.youtube.com/watch?v=BkK3e8ZH4T4,,,2026-04-18 23:06:41
Ponchito Negro (Sanjuanito),Los Huayanay,Aires de Ecuador,https://www.youtube.com/watch?v=2btnT6uZywo,,,2026-04-18 23:06:41
San Juanito,Wayra Ñan,"Tradicional, Vol. 6",https://www.youtube.com/watch?v=bj_7VdDSKts,,,2026-04-18 23:06:41
Ecuador San Juanito,Los Incateños,"Las Mejores Clásicas Andinas para el Mundo, Vol. 89",https://www.youtube.com/watch?v=xtTxcWDTLQ4,,,2026-04-18 23:06:41
San Juanito de Otro Tiempo (feat. Arturo Aguirre),Los Folkloristas,Ecuador,https://www.youtube.com/watch?v=HAPUF1ZrDb4,,,2026-04-18 23:06:41
Mashua,Alpamayo,Flutes and Panpipes From the Andes,https://www.youtube.com/watch?v=OSKkSfe3m8Q,,,2026-04-18 23:06:41
Zig Zag,Trencito de los Andes,Zig Zag - Parte Primera,https://www.youtube.com/watch?v=skmsub8NMUk,,,2026-04-18 23:06:41
Sanjuanito,INKAmerica,INKAmerica,https://www.youtube.com/watch?v=m-qttYUEHnw,,,2026-04-18 23:06:41
Rosalia-ecuador,Yarina,500 Years,https://www.youtube.com/watch?v=idT-_AAsBHI,,,2026-04-18 23:06:41
Jatarishun Huambritos,Llaqtaymanta,"Llaqtaymanta - Peru, Ecuador, Bolivia. Musica Tradicional de los Andes",https://www.youtube.com/watch?v=1miorGIBq7s,,,2026-04-18 23:06:41
San Juanito de Otro Tiempo (Sanjuanito) [Ecuador],Los Folkloristas,Viaje Por Latinoamérica,https://www.youtube.com/watch?v=R1sqVTpUdXE,,,2026-04-18 23:06:41
Anillo de Oro,Festa Indigena,Andina,https://www.youtube.com/watch?v=jd4HLgZntw4,,,2026-04-18 23:06:41
San Junatio De Mi Tierra,Ecuador Manta,Ritmos Raices,https://www.youtube.com/watch?v=KayvG66vbVA,,,2026-04-18 23:06:41
SANJUANITO QUITEÑO,Music festival Andina,MIX MUSICA ANDINA,https://www.youtube.com/watch?v=Pkgz76wZy-s,,,2026-04-18 23:06:41
El Pañuelito (Albazo de Ecuador version),Hermanas Mendoza Suasti,18 Exitos de Ecuador,https://www.youtube.com/watch?v=AY6kv1xRBww,,,2026-04-18 23:06:41
Penas mias,Ecuador Manta,Los Sanjuanitos de mi Vida,https://www.youtube.com/watch?v=R-To_QP-oXg,,,2026-04-18 23:06:41
Oro verde (Sanjuanito Moderno),David Morales Sk,Oro verde (Sanjuanito Moderno),https://www.youtube.com/watch?v=ENxncwgShg4,,,2026-04-18 23:06:41
Zambiceña (Sanjuanito),Yoder Chamba,Éxitos Inmortales,https://www.youtube.com/watch?v=nstuI47C34Q,,,2026-04-18 23:06:41
Oruro,Ecuador Causary,Music From The Andes,https://www.youtube.com/watch?v=WRcHNrXNsrY,,,2026-04-18 23:06:41
Pobre Corazón (Sanjuanito Version),Rumiñahui,Música de Ecuador,https://www.youtube.com/watch?v=Pm076Cctoj0,,,2026-04-18 23:06:41
Popurrí de Sanjuanitos,Hermanos Chamba,Sanjuanitos Inolvidables,https://www.youtube.com/watch?v=QeALGWPCxfY,,,2026-04-18 23:06:41
Sanjuanito,Raices del Ande,Raices del Ande,https://www.youtube.com/watch?v=m8FJMhKIs7c,,,2026-04-18 23:06:41
Curiquingue,Los 4 Del Altiplano,Folklore Ecuatorianisimo,https://www.youtube.com/watch?v=qWtMpGrwANA,,,2026-04-18 23:06:41
Mariposita,Jayac,Energía Vital,https://www.youtube.com/watch?v=shiLJO5gIMU,,,2026-04-18 23:06:41
Peguche,Winiaypa,Sabes,https://www.youtube.com/watch?v=3QgHdH3I1Gs,,,2026-04-18 23:06:41
rumiñawi,Music festival Andina,MUSICA ANDINA,https://www.youtube.com/watch?v=0WxScVDFbzA,,,2026-04-18 23:06:41
Pacarin (Sanjuanito-Ecuador),Tahauntinsuyo,Tahuantinsuyo - Music of the Andes,https://www.youtube.com/watch?v=M8d8MNYvJbU,,,2026-04-18 23:06:41
Cantando Se Alegra La Vida (San Juanito),Los Cuatro del Altiplano,Música Tradicional de Ecuador,https://www.youtube.com/watch?v=BFBmfaLcAEM,,,2026-04-18 23:06:41
Sanjuanitos,Los Incateños,"Las Mejores Clásicas Andinas para el Mundo, Vol. 12",https://www.youtube.com/watch?v=AgWFo5j_08w,,,2026-04-18 23:06:41
Carabuela (Sanjuanito Version),Rumiñahui,Música de Ecuador,https://www.youtube.com/watch?v=fWQqkhbSm5k,,,2026-04-18 23:06:41
Longuita Imbabureña (Sanjuanito Version),Rumiñahui,Música de Ecuador,https://www.youtube.com/watch?v=Hob-Yck8kLQ,,,2026-04-18 23:06:41
La Mentirosa (Sanjuanito Version),Rumiñahui,Música de Ecuador,https://www.youtube.com/watch?v=AVrOjO5m5bw,,,2026-04-18 23:06:41
Angustia (Tonada Version),Rumiñahui,Música de Ecuador,https://www.youtube.com/watch?v=Xe-Ie_ruz4I,,,2026-04-18 23:06:41
Imposible Olvidarte (Sanjuanito Version),Rumiñahui,Música de Ecuador,https://www.youtube.com/watch?v=1DLkVskYD9k,,,2026-04-18 23:06:41
Chagrita Caprichosa (Sanjuanito - Ecuador),Orquesta Achalay,"Musica de los Andes (Musica de Bolivia, Peru, Ecuador, Argentina)",https://www.youtube.com/watch?v=5yvLke4cQio,,,2026-04-18 23:06:41
Curiquingue - Yamor (Sanjuanito version),Eduardo Cadena-El Charango de Ecuador,Cuchara de Palo,https://www.youtube.com/watch?v=uV68mNAuTsM,,,2026-04-18 23:06:41
Carabuela - Amores hallaras (Sanjuanito version),Eduardo Cadena-El Charango de Ecuador,Cuchara de Palo,https://www.youtube.com/watch?v=GcRSLHKX67Q,,,2026-04-18 23:06:41
Tres Bandolines (San Juanito),Los Incateños,"Las Mejores Clásicas Andinas para el Mundo, Vol. 47",https://www.youtube.com/watch?v=_gzFl1U1Or0,,,2026-04-18 23:06:41
Ponchito,Diaspora,Ritmos En La Sangre,https://www.youtube.com/watch?v=bofUKBej2qU,,,2026-04-18 23:06:41
Ñuca Llacta,Huayra Yacu Daulis,Ñuca Llacta,https://www.youtube.com/watch?v=HgWF_p-Xw7k,,,2026-04-18 23:06:41
Mama Doña (Sanjuanito),Los Huayanay,Aires de Ecuador,https://www.youtube.com/watch?v=sG-kjyH1kJs,,,2026-04-18 23:06:41
El transporte,Jarawi,El transporte,https://www.youtube.com/watch?v=hUpgR_SsXeM,,,2026-04-18 23:06:41
Chamizas - Pobre corazón - Cantando como yo canto (Sanjuanito version),Eduardo Cadena-El Charango de Ecuador,Al Besar un Pétalo,https://www.youtube.com/watch?v=RR7VSceZlf8,,,2026-04-18 23:06:41
San Juanito,Los Incateños,Andean Music for the World,https://www.youtube.com/watch?v=jKwdiVjzP7I,,,2026-04-18 23:06:41
San Juanito,Juan Rodriguez y Tipica,Mood Music - Listen to the Andes,https://www.youtube.com/watch?v=CHQHcDEkWs0,,,2026-04-18 23:06:41
Cuando Vengo Nomas Vengo,Paulina Tamayo,Siempre Grande (Solo Éxitos),https://www.youtube.com/watch?v=d4QUSqbDtb8,,,2026-04-18 23:06:41
Sanjuanito En Si,Cesar Espinoza,Kutin Takishun,https://www.youtube.com/watch?v=C4jcZnDSO9k,,,2026-04-18 23:06:41
Llorando Mi Sanjuanito: Ña Anguita De Mis Amores / La Minga / Condor Mensajero,Amor Paisano,Llorando Mi Sanjuanito,https://www.youtube.com/watch?v=qiGul9jmUqg,,,2026-04-18 23:06:41
Kishuar,Gonzalo Nicolas,El Ritmo Más Sonado (Edited),https://www.youtube.com/watch?v=lpjn8YbdIj0,,,2026-04-18 23:06:41
Canmandalla Kautsani,Llaqtaymanta,"Llaqtaymanta - Peru, Ecuador, Bolivia. Musica Tradicional de los Andes",https://www.youtube.com/watch?v=E1IpNWVdmlg,,,2026-04-18 23:06:41
Ponchito de Colores San Juanito,Los Uros De Titicaca,Ñuca Llacta Vol.6,https://www.youtube.com/watch?v=xV0JVZAEsxQ,,,2026-04-18 23:06:41
Sanjuanito Travieso,Traviesos Del Amor,Sanjuanito Travieso,https://www.youtube.com/watch?v=vPzWg3sBQ0o,,,2026-04-18 23:06:41
18 Sanjuanitos en Requinto,Yoder Chamba,18 Sanjuanitos en Requinto,https://www.youtube.com/watch?v=htxVjLi9tu4,,,2026-04-18 23:06:41
Lacito Blanco (En Vivo),Hermanas Mendoza Suasti,Obras Cumbres Del Ecuador (En Vivo),https://www.youtube.com/watch?v=EQ-BN_mFnsI,,,2026-04-18 23:06:41
Sanjuanito para Juanita,Rodrigo Tobar,¿Cuándo?,https://www.youtube.com/watch?v=NwHI19cADYY,,,2026-04-18 23:06:41
Sanjuanito's Song,"Classical Hits, Collective Andean Melodies, & Los Incateños",Contemplating Andean Music - Incateños,https://www.youtube.com/watch?v=S5J5WeTEOQw,,,2026-04-18 23:06:41
Transporte,Los Rayos De Sol,San Juanitos Populares Volumen 1,https://www.youtube.com/watch?v=WM9mtxnV90M,,,2026-04-18 23:06:41
Mi Sanjuanito,Ensamble Vocal Mallku,Mi Sanjuanito,https://www.youtube.com/watch?v=Rwc7kF5ia00,,,2026-04-18 23:06:41
San juanito-Pasillo-Centinela,Salteños,Desde el sur,https://www.youtube.com/watch?v=YcswxJMZG8M,,,2026-04-18 23:06:41
Tus Lágrimas,Karu Nan,Chimbaloma,https://www.youtube.com/watch?v=oJ7fSMNi27o,,,2026-04-18 23:06:41
Sanjuanito de Otro Tiempo (Sanjuanito),"Los Folkloristas, Arturo Aguirre",Rondador Ecuatoriano,https://www.youtube.com/watch?v=Yimmb4FeqWM,,,2026-04-18 23:06:41
Folclore Ecuador,Hanamanta,Te Esperé,https://www.youtube.com/watch?v=jfsrWWrL7V4,,,2026-04-18 23:06:41
Ponchito,Ahaju Fusion Boliwia,The Best of the Andes with Native Instruments,https://www.youtube.com/watch?v=MwG-pthZjEE,,,2026-04-18 23:06:41
Sanjuanito de Mi Pueblo,Amor Paisano,Sanjuanito de Mi Pueblo,https://www.youtube.com/watch?v=wUrnxouhzTA,,,2026-04-18 23:06:41
Sanjuanito Del Ecuador (En Vivo),Jhonny Chamba,Sanjuanito Ecuatorianos (En Vivo),https://www.youtube.com/watch?v=cYlvAI3JuZs,,,2026-04-18 23:06:41
Hasta Mañana,Duo Los Inolvidables,"San Juanitos Inolvidables Vol. 1, Explosión Musical 2000",https://www.youtube.com/watch?v=aB-zT1jDIhA,,,2026-04-18 23:06:41
San Juanito,Huauquipuras,Huauquipuras,https://www.youtube.com/watch?v=XZfBOjKmbtc,,,2026-04-18 23:06:41
Mezcla sanjuanitos solo guitarra,Hermanos Chamba,Mix los Hermanos Chamba,https://www.youtube.com/watch?v=-kgai-IC7kE,,,2026-04-18 23:06:41
Jala Cuitsagu,Karu Nan,Chimbaloma,https://www.youtube.com/watch?v=xSHD-10hElg,,,2026-04-18 23:06:41
San Juanito de Mi Tierra,Oshka Tarazona,"Oshka, Music Of Andes",https://www.youtube.com/watch?v=GvLWa1dYFcw,,,2026-04-18 23:06:41
San Juanito,Wayra Ñan,Andinas 100% - el Condor Pasa,https://www.youtube.com/watch?v=iHGPgWxKvR0,,,2026-04-18 23:06:41
San Juanito Caprichoso,Ensamble Alejandro Arévalo,La Voz del Silencio,https://www.youtube.com/watch?v=yWgssE6L3pc,,,2026-04-18 23:06:41
San Juanito - San Pedrito,Puro Gusto,Gusto Gustulla,https://www.youtube.com/watch?v=SzNcmdwkC7M,,,2026-04-18 23:06:41
La Zambiceña,Jayac,Energía Vital,https://www.youtube.com/watch?v=NtruWJUQzrA,,,2026-04-18 23:06:41
"Ama Tu País, Sanjuanero",Bayron Caicedo,"En la Vida Hay Que Gozar, Vol. 3",https://www.youtube.com/watch?v=sR7tWoYNQ1I,,,2026-04-18 23:06:41
San Juanito 2,Los Incateños,"Las Mejores Clásicas Andinas para el Mundo, Vol. 63",https://www.youtube.com/watch?v=2Qlp-SlWsAA,,,2026-04-18 23:06:41
"San Juan, San Juan, Voces y Cuerdas de Cutervo",Los Incateños,"Las Mejores Clásicas Andinas, Vol. 131",https://www.youtube.com/watch?v=oZno4phjuHQ,,,2026-04-18 23:06:41
Shungu Ukupi,Raimy Salazar,Ritmos Andinos,https://www.youtube.com/watch?v=DKCz6AgHpoo,,,2026-04-18 23:06:41
Sanjuanito del Piru Piru (feat. Hugo Y Sus Bailanderos),Lucho Chimborazo,El Indio Gran...de Ecuador,https://www.youtube.com/watch?v=aHd6CU2DAFY,,,2026-04-18 23:06:41
Ñuca Llacta,Bolivia Manta,Quechua Music,https://www.youtube.com/watch?v=GQxRw3PrNno,,,2026-04-18 23:06:41
Pajarillo,Benítez y Valencia,Idilio Ecuatoriano: Benítez y Valencia,https://www.youtube.com/watch?v=uyvG0_648z8,,,2026-04-18 23:06:41
Pobre Corazon,Marcelo Sánchez,Solo Pistas Vol. 10,https://www.youtube.com/watch?v=PCSn5xoREyA,,,2026-04-18 23:06:41
Aeroplano,Cesar Espinoza,Kutin Takishun,https://www.youtube.com/watch?v=Ljz06PGOtNA,,,2026-04-18 23:06:41
San Juanito De Mi Tierra,Oshka Tarazona,"Quenas Zampoñas Breaching Borders, ...Music of Andes",https://www.youtube.com/watch?v=VBMu9a0X6Vk,,,2026-04-18 23:06:41
San Juanito Peshte Longuita,Los Incateños,Los Mejores Clásicos Andinos para el Mundo,https://www.youtube.com/watch?v=aqp0WNB_S3U,,,2026-04-18 23:06:41
Antonio mocho,"Kardos Mária, Bocz Krisztina, Szénási Zsuzsa, Sándor Pétet, Jorge Alberto Arijona, and Jose Omar Flores",Mezcla,https://www.youtube.com/watch?v=bDbPQkJENfs,,,2026-04-18 23:06:41
Linda bella,Ñanda Mañachi,Peguche Capilla,https://www.youtube.com/watch?v=gkyrddZQhiY,,,2026-04-18 23:06:41
El Pituco,tarpuy,Espiritu del Tiempo,https://www.youtube.com/watch?v=RI23wvNM2mU,,,2026-04-18 23:06:41
Longuita Alegre (feat. Blanca Tipanluisa),Juan Morales,Por Las Calles de Cayambe - Homenaje al Sanjuanito Ecuatoriano,https://www.youtube.com/watch?v=EBzidkWSkNQ,,,2026-04-18 23:06:41
Arco Iris,Nazca,Mother Earth-Andean Winds,https://www.youtube.com/watch?v=mICQxHbtYkA,,,2026-04-18 23:06:41
"Tus, Tus, Tus",Ñanda Mañachi,Traditional Music Of The Andes,https://www.youtube.com/watch?v=Kyk0bQvI1a8,,,2026-04-18 23:06:41
Huasca de Corales / Regresa Pronto,Angel Ulloa,Me Duele Tu Partida,https://www.youtube.com/watch?v=sjnsDQxBqNg,,,2026-04-18 23:06:41
Canguro Tullo,Ecuador Inkas,El Cóndor Pasa,https://www.youtube.com/watch?v=AIP_I66ZL9Y,,,2026-04-18 23:06:41
Peshte Longuita (Sanjuanito Version),Rumiñahui,Música de Ecuador,https://www.youtube.com/watch?v=MeIF0oZrTvU,,,2026-04-18 23:06:41
San Juanito Irlandés,Los Incateños,"Las Mejores Clásicas Andinas para el Mundo, Vol. 63",https://www.youtube.com/watch?v=8GkiljHpsGY,,,2026-04-18 23:06:41
El Chinchinal (Sanjuanito),Yoder Chamba,Éxitos Inmortales,https://www.youtube.com/watch?v=lrrEA-QVaJY,,,2026-04-18 23:06:41
Mi Ecuador,Trio Sensacional,Mi Ecuador,https://www.youtube.com/watch?v=Ak4mSHzNBGo,,,2026-04-18 23:06:41
San Juanitos,Inca Son,Peru - A Musical Journey,https://www.youtube.com/watch?v=_wxvhkgPY-Q,,,2026-04-18 23:06:41
16 Piruritu.wav,"Luis Humberto Gramal, Jose Segundo Gramal, Dave West, Richard Maldonado",The Best Of Winiaypa,https://www.youtube.com/watch?v=Fv_A10020AE,,,2026-04-18 23:06:41
Waytaku,Yarina,Yawar Wawki,https://www.youtube.com/watch?v=mCXCzsl_NhY,,,2026-04-18 23:06:41
Que siga la farra Sanjuanito,Banda Municipal de Quito,QUE SIGA LA FARRA,https://www.youtube.com/watch?v=Igj0stGLv-M,,,2026-04-18 23:06:41
Pobre Indiecito,Fresia Saavedra,Éxitos Eternos De Nuestra Música Nacional,https://www.youtube.com/watch?v=sISrLja3aRo,,,2026-04-18 23:06:41
Mashalla (Tonada) (Ecuador),Los Folkloristas,Cantando Raíces,https://www.youtube.com/watch?v=7A2PKcFz5LQ,,,2026-04-18 23:06:41
Toro Barroso,Banda Show 24 de Mayo de Patate,Música De Ecuador Vol 5,https://www.youtube.com/watch?v=py-CpethUY0,,,2026-04-18 23:06:41
Jihua,Charijayac,Made In Ecuador - Sus Mejores Éxitos,https://www.youtube.com/watch?v=Bx70ZUGApe8,,,2026-04-18 23:06:41
Ecuador Tierra Soñada (Sanjuanito),Fausto Huayamabe,Ecuador Tierra Soñada (Sanjuanito),https://www.youtube.com/watch?v=uw-pFIF-LPQ,,,2026-04-18 23:06:41
Pucaicha,Bolivia Manta,Anata,https://www.youtube.com/watch?v=tf6Llnl4hEc,,,2026-04-18 23:06:41
Perla Ecuatoriana,Yoder Chamba,Llora Requinto,https://www.youtube.com/watch?v=JzsEhajfhFQ,,,2026-04-18 23:06:41
Jilguerito,Yarina,Nawi,https://www.youtube.com/watch?v=kz2enX1s5VU,,,2026-04-18 23:06:41
Pobre Corazón,Trío Los Brillantes,Época de Oro,https://www.youtube.com/watch?v=m5PgVv8PkfA,,,2026-04-18 23:06:41
Sanjuanitos (Comuneros - Andariego - Carabuela),Malki,Sanjuanitos (Comuneros - Andariego - Carabuela),https://www.youtube.com/watch?v=c_MH7Lb6cmk,,,2026-04-18 23:06:41
Chamizas,Hermanas Mendoza Suasti,Grandes Éxitos,https://www.youtube.com/watch?v=WX_HRTiOG44,,,2026-04-18 23:06:41
Tenía un San Juanito,Fernando Armengol Ruano,"Kena Viento de América, vol. 3",https://www.youtube.com/watch?v=3M7oaxSPKDc,,,2026-04-18 23:06:41
Sanjuacum,Wayanay,Acorazonado,https://www.youtube.com/watch?v=XXujukUH91Q,,,2026-04-18 23:06:41
Palomita Cuculí,Hermanas Mendoza Suasti,Voces Eternas Del Ecuador,https://www.youtube.com/watch?v=B6Faz4eLV7Q,,,2026-04-18 23:06:41
Garu Llactamanmi,Ecuador Inkas,El Cóndor Pasa,https://www.youtube.com/watch?v=Wqa_8XfU7Ak,,,2026-04-18 23:06:41
Caminando,Hermanas Mendoza Suastí,Ecuador Sus Mas Bellas Canciones,https://www.youtube.com/watch?v=vuSrzL3MBPA,,,2026-04-18 23:06:41
Amores Hallaras,Music festival Andina,San juanitos,https://www.youtube.com/watch?v=3epgsytpRqY,,,2026-04-18 23:06:41
Ponchito,Cesar Espinoza,Kutin Takishun,https://www.youtube.com/watch?v=gqfGHpsbe4A,,,2026-04-18 23:06:41
Antonio Mocho,Charijayac,Made In Ecuador - Sus Mejores Éxitos,https://www.youtube.com/watch?v=IOT6t6E546c,,,2026-04-18 23:06:41
Kalpay,Ñucanchi Ñan,Kalpay,https://www.youtube.com/watch?v=KVv-bEy2XKA,,,2026-04-18 23:06:41
Uyachishun,Karu Ñan,Kimsa Juyashka,https://www.youtube.com/watch?v=ThB0NlJN1_c,,,2026-04-18 23:06:41
Purimuy,Indios del Sur,"Pachacutec. Folklore Music from Andes, Peru, Ecuador, Bolivia",https://www.youtube.com/watch?v=8wu888yEslg,,,2026-04-18 23:06:41
San Juanito de la Luna (San Juanito Of The Moon) (2023 Remastered),Huayucaltia,Horizontes (2023 Remastered),https://www.youtube.com/watch?v=AHZOR7xNqv0,,,2026-04-18 23:06:41
Polaquita,Wuauquikuna,Best of Meditation II,https://www.youtube.com/watch?v=X8XdqSzEgg8,,,2026-04-18 23:06:41
Rosalia,Proyección Latina,"Proyeccion Latina, Vol. 3",https://www.youtube.com/watch?v=Xw_GlaQ57JY,,,2026-04-18 23:06:41
San Juanito 2,Ensamble Alejandro Arévalo,Revelaciones Extraordinarias,https://www.youtube.com/watch?v=D9ezQDJ2ado,,,2026-04-18 23:06:41
Baila Cholita,Duo Savedra Bohorquez,"Baila Cholita, Los Sanjuanitos Mas Sonados de Mi Lindo Ecuador",https://www.youtube.com/watch?v=8RY2jWlZc2A,,,2026-04-18 23:06:41
Juyasschca Huarmigu,Ahaju Fusion Boliwia,"The Best of the Andes (Peru - Bolivia - Ecuador), Vol. 1",https://www.youtube.com/watch?v=TaPyZJUMjtA,,,2026-04-18 23:06:41
Sanjuanito,Los Incateños,"Las Mejores Clásicas Andinas para el Mundo, Vol. 100",https://www.youtube.com/watch?v=UC4DKVZgZNg,,,2026-04-18 23:06:41
Santa Rosa y San Ramon,Los 3 Ases,"Por Algo Me Han de Recordar, Vol.3",https://www.youtube.com/watch?v=oaFen9G-4Pg,,,2026-04-18 23:06:41
Sanjuanito de mi Pueblo,Washkas,Sanjuanito de mi Pueblo,https://www.youtube.com/watch?v=inuQAiVXSx8,,,2026-04-18 23:06:41
San Juanito,Goupe Sayri Tupac,Andes : Les flûtes du soleil (Air Mail Music Collection),https://www.youtube.com/watch?v=aEqm_-Ye5EY,,,2026-04-18 23:06:41
San Juanito,Runa Marka,Time of the Love. Music From the Andes.,https://www.youtube.com/watch?v=fcjMWeoyeFE,,,2026-04-18 23:06:41
Sanjuanito de Otros Tiempos,"Los Corazas, Carlos Bonilla, Gonzalo Castro",La Flauta de Ecuador,https://www.youtube.com/watch?v=v7pIBWFVDjs,,,2026-04-18 23:06:41
San Juanitos,Inca Son,"(Volume #1) Ascope, Tierra Del Amanecer (Ascope, Land of the Dawn)",https://www.youtube.com/watch?v=fdE1LNW-pUs,,,2026-04-18 23:06:41
Ecuador (En Vivo),Jhonny Chamba,Sanjuanito Ecuatorianos (En Vivo),https://www.youtube.com/watch?v=81RWRVt7NFI,,,2026-04-18 23:06:41
La Forasterita,"Los Corazas, Carlos Bonilla, Gonzalo Castro",La Flauta de Ecuador,https://www.youtube.com/watch?v=uE0g8F_nqQE,,,2026-04-18 23:06:41
Magolita,Jokiwas,Magolita,https://www.youtube.com/watch?v=cD6knY6mQrY,,,2026-04-18 23:06:41
El Camote,"Soledad Morales, Polibio Mayorga",Recuerdos de Mi Tierra,https://www.youtube.com/watch?v=ijCmA8uXlBU,,,2026-04-18 23:06:41
Cuatro esquinas,Samy,Los Sanjuanitos de mi Vida,https://www.youtube.com/watch?v=KPQ1ESPpMdQ,,,2026-04-18 23:06:41
Ojitos Negros,Rumiñahui,Saraguro Llactamanta,https://www.youtube.com/watch?v=BIBxeSrYFP0,,,2026-04-18 23:06:41
Sanjuanitos Ñuca Llacta,PANBUR HERMANOS PANTA BURE,Sanjuanitos Ñuca Llacta,https://www.youtube.com/watch?v=jtfZU08FA7Y,,,2026-04-18 23:06:41
Sanjuanito de mi Tierra,Grupo Inka Llakta,14 Éxitos Folkloricos Latinoamericanos,https://www.youtube.com/watch?v=E691ArXCWEQ,,,2026-04-18 23:06:41
Solo Solito,Coplas del Corazón,Solo Solito,https://www.youtube.com/watch?v=ac1QrPgZw8Q,,,2026-04-18 23:06:41
San Juanito de la Esperanza,"Joel Francisco Perri, Cedric Perri","Perri, Joel: Master of the Indian Flutes",https://www.youtube.com/watch?v=ESsQJIrq2G0,,,2026-04-18 23:06:41
Marujita,El Jilguero del Huascarán,Mis Primeros Éxitos,https://www.youtube.com/watch?v=GzsTHCJhw3Q,,,2026-04-18 23:06:41
Viva La Fiesta ! (En Vivo),Hermanas Mendoza Suasti,Obras Cumbres Del Ecuador (En Vivo),https://www.youtube.com/watch?v=o5ie6lRyhwE,,,2026-04-18 23:06:41
Sanjuanito de mi Tierra (Sanjuanito Ecuador),Hnas. Mendoza-Suasti,Lo Mejor del Ecuador,https://www.youtube.com/watch?v=VvAXnlrUjwM,,,2026-04-18 23:06:41
Misa Punlla / San Juan Capilla / Curiquingue,Bolivia Manta,Quechua Music,https://www.youtube.com/watch?v=JoO6wEJ90O0,,,2026-04-18 23:06:41
Ñuca Llacta (Tonada de Ecuador version),Hermanas Mendoza Suasti,18 Exitos de Ecuador,https://www.youtube.com/watch?v=Tbx3n1o0YBc,,,2026-04-18 23:06:41
Te Amo Señor (Sanjuanito),Antonio Pástor,Tuya Es La Gloria - Música Andina Con Antonio Pástor,https://www.youtube.com/watch?v=dZ1V8sQb3-Y,,,2026-04-18 23:06:41
Bailando Me Despido,Hermanas Mendoza Suastí,Ecuador Sus Mas Bellas Canciones,https://www.youtube.com/watch?v=tevLgPHUHRw,,,2026-04-18 23:06:41
San Juanito,Oshka Tarazona,Sabor Latino,https://www.youtube.com/watch?v=99jVpTi_7dc,,,2026-04-18 23:06:41
Andean Christmas: IV. San Juanito Para El Niño,Quimantu,Pilgrimage to the Andes,https://www.youtube.com/watch?v=TU5Zbo0RO5k,,,2026-04-18 23:06:41
Corazón Equivocado,Ñanda Mañachi,Del Ecuador Para el Mundo Entero,https://www.youtube.com/watch?v=NoWpKSXokKA,,,2026-04-18 23:06:41
Por la raza,Dos Lunas,Fiesta Ecuatoriana,https://www.youtube.com/watch?v=FHloyBqGZWA,,,2026-04-18 23:06:41
